,Name
0,Markus Howard
1,Jordan Ford
2,Jordan Roland
3,Jermaine Marrow
4,Mike Smith
5,Marcus Burk
6,Grant Riller
7,Nate Darling
8,Nathan Knight
9,Trevon Allen
10,Jerrick Harding
11,Payton Pritchard
12,Eugene German
13,John Crosby
14,Sam Merrill
15,Marcus Sheffield
16,Raiquan Clark
17,Christian Lutete
18,Desure Buie
19,Ryan Daly
20,Marlon Stewart
21,Sayeed Pridgett
22,Breein Tyree
23,Charles Williams
24,Vinnie Shahid
25,Nijal Pearson
26,Eli Pemberton
27,Jibri Blount
28,Myles Powell
29,Quintin Dove
30,Tyler Hagedorn
31,Shamarkus Kennedy
32,Andrew Kostecka
33,Ade Murkey
34,Tres Tinkle
35,Bryson Williams
36,JayQuan McCloud
37,Isaiah Blackmon
38,Keith Braxton
39,Tyson Ward
40,Cassius Winston
41,Xavier Hill-Mais
42,Mason Faulkner
43,Anthony Lamb
44,Lamar Stevens
45,Kevon Harris
46,Josh Sharkey
47,T.J. Atwood
48,Bryson Robinson
49,Sa'eed Nelson
50,Ahmad Clark
51,Jahlil Tripp
52,Mason Peatling
53,Desmond Bane
54,Max Mahoney
55,Tommy Funk
56,E.J. Crawford
57,Jordan Lyons
58,Brian Fobbs
59,Adam Grant
60,Samir Doughty
61,Skylar Mays
62,Harald Frey
63,Makale Foreman
64,Nathan Hoover
65,Justinian Jessup
66,Jalen Johnson
67,Jonah Radebaugh
68,Kameron Edwards
69,Quinton Rose
70,Matt Ryan
71,Christian Vital
72,Anthony Cowan
73,Luke Knapke
74,Kamar Baldwin
75,Djordje Dimitrijevic
76,John Mooney
77,Lavelle Scottie
78,Darrell Brown
79,Michael Green
80,Gerard Andrus
81,Keandre Cook
82,Matthew Wilson
83,Jake Toolson
84,C.J. Jones
85,Jermaine Bishop
86,Tyler Sharpe
87,Billy Wampler
88,Ronald Jackson
89,A.J. Lawson
90,Eddie Stansberry
91,Deondre Burns
92,Tyler Cheese
93,Devon Andrews
94,Cody John
95,Darius Roy
96,AJ Brodeur
97,Brandon Childress
98,Kendal Manuel
99,Ethan Stair
100,Lesley Varner II
101,Carlos Dotson
102,Tarkus Ferguson
103,Eric Jamison
104,Carlos Johnson
105,Tray Boyd III
106,David DiLeo
107,Jazz Johnson
108,Josh Williams
109,Caleb Homesley
110,Kristian Doolittle
111,Isaiah Bailey
112,Ivan Gandia-Rosa
113,Xavier Sneed
114,Jordan Cohen
115,Ike Smith
116,Jalon Gates
117,Brandon Kamga
118,Zach Copeland
119,TJ Haws
120,Jimmy Whitt
121,Tyrique Jones
122,Tahjai Teague
123,Hunter Hale
124,Rapolas Ivanauskas
125,Kai Mitchell
126,Brandon Anderson
127,Payten Ricks
128,KJ Robinson
129,Antonio Williams
130,Te'Jon Lucas
131,Alpha Diallo
132,Jon Axel Gudmundsson
133,Jordan Jackson
134,Corey Allen
135,JaQuan Lyle
136,Tyson Carter
137,Garrett Sams
138,Xeyrius Williams
139,Will Rayman
140,Malik Ellison
141,Dexter McClanahan
142,Tajuan Agee
143,Dallas Morgan
144,Cameron Oluyitan
145,Brandon Austin
146,Udoka Azubuike
147,Andrew Fleming
148,T.J. Gibbs
149,Nate Kennell
150,JT Gibson
151,Jordan Bowden
152,Christion Thompson
153,Josh Ajayi
154,Yoeli Childs
155,Andy Van Vliet
156,Martins Igbanu
157,Carson Williams
158,Haanif Cheatham
159,Jarron Cumberland
160,Joe Mooney
161,Elijah Burns
162,Ferron Flavors Jr.
163,Chad Lott
164,Jonah Mathews
165,Osasumwen Osaghae
166,Kaelon Harris
167,Derek Hawthorne
168,Tyler Scanlon
169,Damani Applewhite
170,Nico Carvacho
171,Stanley Davis
172,Mamadi Diakite
173,Corey Manigault
174,Cletrell Pope
175,Armel Potter
176,K.J. Riley
177,Troy Simmons
178,Dejan Vasiljevic
179,Emmanuel Nzekwesi
180,Devante Jackson
181,Ty Taylor II
182,Curtis Cobb
183,Tobi Ewuosho
184,Travis Fields
185,Austen Awosika
186,Jimbo Lull
187,Zach Walton
188,Omer Yurtseven
189,Jeff Dowtin
190,Malik Johnson
191,Tyrik Armstrong
192,KJ Jackson
193,Ryan Swan-Ford
194,Chudier Bile
195,Daryl Edwards
196,Markell Johnson
197,Onno Steger
198,O'Showen Williams
199,Kerry Blackshear Jr.
200,Willie Jackson
201,Eyassu Worku
202,Cameron McGriff
203,Ivy Smith Jr.
204,Jordan Walker
205,Sacar Anim
206,Jacara Cross
207,Brian Warren
208,Antonio Green
209,Laquincy Rideau
210,Maurice Howard
211,Josh Ferguson
212,Roderick Williams
213,Kienan Walter
214,Zavier Simpson
215,DaQuan Bracey
216,Isaiah Crawley
217,Brandon Averette
218,Joshua Patton
219,Devonte Patterson
220,Jordan Barnes
221,Tommy Burton
222,Andre Fox
223,Tevin Mack
224,Jordan Shepherd
225,Andrew Robinson
226,Jordan Dartis
227,David Bell
228,C.J. Bryce
229,Dylan Frye
230,Tyere Marshall
231,Landon Taliaferro
232,Sergio El Darwich
233,Rod Melton Jr
234,Yanni Wetzell
235,DeShaw Andrews
236,Tyrell Gumbs-Frater
237,Devon Goodman
238,Davonta Jordan
239,Corey Tillery
240,Kaleb Bishop
241,Scottie James
242,Derryck Thornton
243,Jalen Dupree
244,Kameron Hankerson
245,Kevin McKay
246,Rob Montgomery
247,Tyler Peterson
248,Wajid Aminu
249,Georgie Pacheco-Ortiz
250,J'Von McCormick
251,Sean McDermott
252,Josh Nebo
253,Tareq Coburn
254,De'Jon Davis
255,Deniz Celen
256,Matt Hauser
257,Jailyn Ingram
258,Rob Edwards
259,Trent Forrest
260,Jon Teske
261,Godwin Boahen
262,Jalen Coleman-Lands
263,Quincy McKnight
264,James Towns
265,Damon Wilson
266,Michael Littlejohn
267,Brian Patrick
268,Ivan Aurrecoechea
269,Lindsey Drew
270,J.T. Escobar
271,Admon Gilder
272,Roland Griffin
273,Cody Kelley
274,Jared Savage
275,Avi Toomer
276,Bolden Brace
277,Maik Kotsar
278,Kinnon LaRose
279,Eric McGill
280,Brooks DeBisschop
281,Zach Hunsaker
282,Cole Gentry
283,TJ Washington
284,Trent Harris
285,Kylor Kelley
286,Trhae Mitchell
287,Elvis Harvey
288,Trevelin Queen
289,Jake Hendricks
290,Antwain Johnson
291,Ako Adams
292,Tre Scott
293,Andres Feliz
294,Boubacar Toure
295,Dantez Walton
296,Barret Benson
297,Isaac Johnson
298,Morgan Means
299,Tyler Hooker
300,Trejon Jacob
301,Stevie Jordan
302,Wesley Harris
303,Kalob Ledoux
304,Luwane Pipkins
305,Channel Banks
306,Evan Leonard
307,Jaiveon Eaves
308,Ryan Woolridge
309,Juvaris Hayes
310,Djimon Henson
311,New Williams
312,Brandon Boyd
313,Nedeljko Prijovic
314,Isaiah White
315,Austin Wiley
316,Darius Williams
317,Garrett Gilkeson
318,Shabooty Phillips
319,Stefan Gonzalez
320,Trey Landers
321,Nick Rakocevic
322,Killian Tillie
323,Lindy Waters
324,Richmond Aririguzoh
325,Tommy Rutherford
326,Pat Spencer
327,Cory Gensler
328,Chier Maker
329,Pauly Paulicap
330,Traci Carter
331,Anthony Murphy
332,Isaiah Ross
333,Chris Lewis
334,Robert Martin
335,Jordan Giles
336,V.J. Holmes
337,Colin Slater
338,Torico Simmons
339,Jared Stutzman
340,Devonte Green
341,Jaleel Lord
342,Isaiah Tisdale
343,Lamont West
344,Jackson Rowe
345,Nate Grimes
346,JaShaun Smith
347,Tulio Da Silva
348,Tyree White
349,Jaime Echenique
350,Leon Freeman-Daniels
351,Kevin Marfo
352,Wendell Mitchell
353,Jordan Bruner
354,Matt Holba
355,Tyresse Williford
356,DeAndre Abram
357,Terrell Allen
358,Lucas N'Guessan
359,Prentiss Nixon
360,Brad Brechting
361,Akwasi Yeboah
362,Nisre Zouzoua
363,Canberk Kus
364,Paris Austin
365,Tanner Krebs
366,Jordan Ratinho
367,Anthony Smith
368,De'Riante Jenkins
369,Idris Joyner
370,Grant Weatherford
371,Myles Cherry
372,Isiah Deas
373,Everett Duncan
374,Kyle Mallers
375,Rob Whitfield
376,Skyler Hogan
377,Andre Jackson
378,Cyril Langevine
379,Triston Simpson
380,James Banks
381,Ben Drake
382,Steven Enoch
383,Steven Whitley
384,Matt Freeman
385,Casdon Jardine
386,Marcus Ottey
387,Roydell Brown
388,Kai Edwards
389,Yannis Mendy
390,Michael Buckland
391,KJ Feagin
392,Mike Watkins
393,Philip Whittington
394,Diogo Brito
395,A.J. Cheeseman
396,Brad Greene
397,Mustapha Heron
398,Max Heidegger
399,Derric Jean
400,Izayah Mauriohooho-Le'afa
401,Freddie Gillespie
402,Alonzo Walker
403,Isaiah Brown
404,Drew Edwards
405,Kareem South
406,Cody Schwartz
407,Brandon Robinson
408,Dwayne Sutton
409,Micah Bradford
410,Thomas Dziagwa
411,James Foye
412,Jahaad Proctor
413,Zigmars Raimo
414,Julian Batts
415,James Dickey
416,Andrien White
417,Maxime Boursiquot
418,Isiah Brown
419,Will Butler
420,Justin Miller
421,De'Monte Buckingham
422,Greg Heckstall
423,Lacey James
424,Jashawn Talton-Thomas
425,T.J. Holyfield
426,Dylan Smith
427,Caleb Morris
428,Nakye Sanders
429,Radshad Davis
430,Brae Ivey
431,Jerry Johnson Jr.
432,Camron Justice
433,Kamar McKnight
434,Ryan McMahon
435,Leonard Harper-Baker
436,Javan White
437,Jermaine Haley
438,Baylee Steele
439,Eric Terry
440,Jamal Wright
441,Mark Gasperini
442,Andre Wesson
443,JD Williams
444,Braxton Key
445,Alex Hobbs
446,Venjie Wallis
447,Eden Ewing
448,Anthony Mathis
449,Jaevin Cumberland
450,Jaylen McManus
451,Ryan Mikesell
452,Jagan Mosely
453,Jare'l Spellman
454,Jaycee Hillsman
455,Jy'lan Washington
456,Chad Bowie
457,Davon Clare
458,Spencer Haldeman
459,Jeff Pollard
460,DeAnthony McCallum
461,Alani Moore
462,Darius Allen
463,Von Julien
464,Leon Redd
465,Sal Nuhu
466,Jaylon Wilson
467,Ryan Betley
468,Dwayne Morgan
469,Danjel Purifoy
470,Pierre Sarr
471,KaVaughn Scott
472,Justin Thomas
473,Jair Bolden
474,Myo Baxter-Bell
475,Gary Chivichyan
476,Sam Miller
477,Tashombe Riley
478,Daniel Utomi
479,Evan Wieck
480,Denzel Mahoney
481,Trevor Stumpe
482,Bryson Lockley
483,Malik Maitland
484,Jabari Narcis
485,Antwon Portley
486,Juwan Durham
487,Vincent Eze
488,Michael Jacobson
489,Bryce Barnes
490,Brevin Pritzl
491,Josh Gantz
492,Mubarak Muhammed
493,Lucas Siewert
494,Devin Haygood
495,Marcus Evans
496,Shyquan Gibbs
497,Cameron Allen
498,Marquell Carter
499,John Comeaux
500,Lukas Jarrett
501,Ian Kinard
502,C.J. Duff
503,P.J. Hardy
504,Dazon Ingram
505,Amel Kuljuhovic
506,Elijah Mitrou-Long
507,Jashaun Agosto
508,Jaire Grayer
509,Ryan Kriener
510,Makol Mawien
511,Isaiah Moss
512,Jahlil Rawley
513,Donald Hicks
514,Kris Martin
515,Aamahne Santos
516,Donel Cathcart III
517,Rashaad Goolsby
518,Maliek White
519,Deng Geu
520,Romaro Gill
521,Aaron Falzon
522,Kyrin Galloway
523,Antione Lister
524,Wali Parks
525,David Syfax
526,Simeon Carter
527,Brandon Jackson
528,Lorenzo Jenkins
529,Dainan Swoope
530,Richard Caldwell
531,Devonte Bandoo
532,James Bolden
533,Justin Roberts
534,Lamar Hamrick
535,Dikymbe Martin
536,Josh Warren
537,Jashire Hardnett
538,Myles Carter
539,Emmanuel Egbuta
540,Jamir Coleman
541,Chancellor Ellis
542,Issac Vann
543,Lachlan Anderson
544,Maciej Bender
545,Jake Killingsworth
546,Hunter Seacat
547,Alihan Demir
548,Jared Samuelson
549,Quatarrius Wilson
550,Sid Tomes
551,Mustapha Traore
552,Chidi Udengwu
553,Chris Lester
554,Eric Monroe
555,John Kiser
556,Nic Thomas
557,Jaylen Key
558,Matt Neufeld
559,Sylvester Ogbonda
560,Koch Bar
561,Marcus DeBerry
562,Christian Keeling
563,Tyson Batiste
564,Lawson Korita
565,Anfernee McLemore
566,Dalton Nixon
567,Zac Seljaas
568,Quinn Taylor
569,Juan Cardenas
570,Delante Jones
571,Nik Popovic
572,D'Angelo Hunter
573,Travon Bunch
574,Tyree Crump
575,Ahmad Frost
576,Ikenna Ndugba
577,Darius Williams
578,Anthony Gaston
579,Shane Gatling
580,Ty Hudson
581,Nasir Core
582,Saul Phiri
583,Shakur Juiston
584,JC Younger
585,Ian Sistare
586,Robert Baker
587,Willy Nunez Jr.
588,Adrio Bailey
589,Devine Eke
590,Collin Goss
591,Devin Morgan Jr.
592,Terrell Brown
593,Erik Johansson
594,Jamal Smith
595,Alex Floresca
596,Noah Blackwell
597,Trey Spencer
598,Aleksandar Zecevic
599,Edric Dennis
600,Herb McGee
601,Osi Nwachukwu
602,Erten Gazi
603,Jared Hamilton
604,Christian Williams
605,Bruce Moore
606,Elijah Schmidt
607,Bam Bowman
608,Curtis Jones Jr.
609,Mike'l Simms
610,Ladan Ricketts
611,Ryan Fazekas
612,Romani Hansen
613,Tony Lewis
614,Carlton Bragg Jr.
615,Jervae Robinson
616,Justin Bassey
617,Devonnte Holland
618,Boban Jacdonmi
619,Zach Sellers
620,Matt Milon
621,Charles Norman
622,Marlin Davis
623,Marquell Fraser
624,John Edgar Jr.
625,Khy Kabellis
626,Malik Massey
627,Malik Brevard
628,Jahmari Etienne
629,Randall Gaskins Jr.
630,Tyler Reynolds
631,Chris Baldwin
632,Jeromy Rodriguez
633,Amidou Bamba
634,Quentin Goodin
635,Malek Harwell
636,Evan Hinson
637,Prince Ali
638,Mattia Da Campo
639,Stone Gettings
640,Sayveon McEwen
641,Curran Scott
642,Sam Kearns
643,Nick Rutherford
644,Brandon Cyrus
645,Quinton Forrest
646,James Claar
647,Toliver Freeman
648,Remu Raitanen
649,Reggie Scurry
650,Markus Golder
651,Eric Hamilton
652,Chris Clarke
653,Christian Juzang
654,Mark Carbone
655,Emmanuel Olojakpoke
656,Billy Brown
657,Brad Calipari
658,Brandon Key
659,Evan Boudreaux
660,Jordan Harris
661,Jared Samuelson
662,Nathan Bain
663,Jakolby Long
664,JaQualis Matlock
665,Eddie Davis
666,Donnell Gresham Jr.
667,Tiandre Jackson-Young
668,Nate Sestina
669,T.J. Parham
670,Rex Pflueger
671,A.J. Banks
672,Justin Pierce
673,Torry Johnson
674,Zach Pirog
675,Shareef Smith
676,Lamarr Kimble
677,Arnaldo Toro
678,Kalif Young
679,Corey Brown
680,Joe Hugley
681,C.J. Williamson
682,Jonathan Laurent
683,Houston Smith
684,Noah McCarty
685,A.J. Turner
686,Asante Gist
687,Kasheem Thomas
688,Jordan Blount
689,Dondre Griffin
690,David-Lee Jones Jr.
691,Cliff Thomas Jr.
692,Reilly Walsh
693,Max Hazzard
694,Brendon Myles
695,Reed Nikko
696,Aaron Carver
697,Aaron Weidenaar
698,C.J. Bobbitt
699,Johncarlos Reyes
700,Irshaad Hunte
701,Chase Jeter
702,Devin Hutchinson
703,Cade Crosland
704,Aaron Robinson
705,Michael Laster
706,Dennis Tunstall
707,Tay Weaver
708,Ronnie Suggs
709,Michael Benkert
710,Ozante Fields
711,Kendall Lauderdale
712,Nick Blair
713,DJ Draper
714,Chase Harler
715,Knox Hellums
716,Lamonte Turner
717,Austin Vereen
718,Chibueze Jacobs
719,Brandon Armstrong
720,Joshua Howard
721,Jordan Ash
722,Emmitt Holt
723,Keith Smith
724,Atem Bior
725,Hyron Edwards
726,Justin Jenkins
727,Jonathan Scott
728,Gabe Grant
729,Ryan Gomes
730,Chris Harris
731,Marlon Taylor
732,Josh McNair
733,Dominik Olejniczak
734,Job Alexander
735,Jordan Griffin
736,Antun Maricevic
737,Ted McCree
738,Patrick Szpir
739,Derrick Woods
740,Jaalam Hill
741,Anselm Uzuegbunem
742,Pat Andree
743,Robin Jorch
744,Frank Bertz
745,AJ Farrar
746,Kyle Stout
747,Aidas Kavaliauskas
748,Bryce Aiken
749,Austin Davis
750,Deng Riak
751,Marlon Sierra
752,Milija Cosic
753,Marcus Dickinson
754,Matej Kavas
755,Nate Louis
756,Craig Randall
757,Ricky Torres
758,Bakari Evelyn
759,Jackson Stent
760,Christian Turner
761,Evan Wiley
762,Sammy Friday
763,Randy Miller Jr.
764,Shaq Carter
765,Byron Frohnen
766,Perry Francois
767,Tyler Creammer
768,Ashtyn Bradley
769,Javin DeLaurier
770,Amadi Ikpeze
771,Brandon Morley
772,Will Sessoms
773,Bronson Kessinger
774,Jared Printy
775,Karl Harris
776,Kipper Nichols
777,Marcus Wallace
778,Jayce Johnson
779,Jose Morales
780,Louie Pillari
781,Romain Boxus
782,Daniel Giddens
783,Gabriel Gyamfi
784,Tyler Hamilton
785,Kur Kuath
786,Hayden Howell
787,Josh Thompson
788,Deivydas Kuzavas
789,Yilret Yiljep
790,Kyle Ahrens
791,Guilien Smith
792,Jordan Dallas
793,Zachary Barnes
794,Chris Bowling
795,Jack White
796,Omar Lo
797,Aaron Cook
798,Decardo Day
799,Zo Tyson
800,Alonzo Campbell
801,Cameron Jones
802,Keith Stone
803,Seth Adelsperger
804,Jordan Bohannon
805,Ricky Council II
806,Leon Sneed
807,Harrison Henderson
808,Justin Kier
809,Shunn Buchanan
810,De'Ron Davis
811,Brandon Moore Jr
812,Nolan Taylor
813,Tracy Hector
814,Kelvin Jones
815,Ian Carter
816,Isaiah Maurice
817,Christian Rohlehr
818,Shaquillo Fritz
819,Tyler Rowe
820,Roosevelt Smart
821,Youry White
822,Kimar Williams
823,Clevon Brown
824,Justin Dahl
825,Henry Baddley
826,Chris McNeal
827,Bryce Moore
828,Rogers Printup
829,Tyler Kidd
830,Dontelius Ross
831,K.J. Walton
832,Trey Dawkins
833,Cavit Ege Havsa
834,D'Andre Bernard
835,Matt Hein
836,Rosel Hurley
837,Craig LeCesne
838,Jordan McNair
839,Mitch Peterson
840,Malik Crowfield
841,Artavious McDyess
842,Scott Meredith
843,Vitaliy Shibel
844,Marlon Adams
845,Jordan Andrews
846,Thurston McCarty
847,Mohamed Thiam
848,Jacob Cushing
849,Donovan Theme-Love
850,Don Coleman
851,Sean Flood
852,Ben Perez
853,Aidan Saunders
854,Joseph Smoyer
855,Darnell Cowart
856,Jamil Jackson
857,Sam Timmins
858,Ty Lazenby
859,Tobias Sjoberg
860,Trey Lenox
861,Isaiah Fontaine
862,Kabir Mohammed
863,Khalill Spencer
864,Djery Baptiste
865,Ross Cummings
866,Reginald Gee
867,Clayton Le Sann
868,Ed Porter
869,Quinton Adlesh
870,Ed Morrow
871,Aaron Menzies
872,Dennis Ashley
873,Chris Quayle
874,Derrik Smits
875,Seth LeDay
876,Nazeer Bostick
877,Amir Smith
878,Stafford Trueheart
879,Ezekiel Balogun
880,Phillip Jones
881,Jaume Sorolla
882,Cameron Diggs
883,Lavar Harewood
884,Jhery Matos
885,Anand Hundal
886,Ray Jerome
887,Damion Moore
888,Ross Owens
889,Jethro Tshisumpa
890,Mickey Mitchell
891,Justin Robinson
892,Chuck Champion
893,Oliver Powell
894,Tre Cobbs
895,Laterrance Reed
896,Anthony Tarke
897,Dondre Duffus
898,Sam Ibiezugbe
899,Corey Redman
900,Micah Robinson
901,Bruno Skokna
902,Michael Hurt
903,Jaylen Shead
904,Mark French
905,Logan Routt
906,Max Curran
907,Alex Olesinski
908,Adam Sledd
909,Bryan Urrutia
910,Luke Rosinski
911,David Bottenberg
912,Chris Clerkley
913,Jeantal Cylla
914,Austin Williams
915,Justin Williams
916,Isaac Bassey
917,Devon Brewer
918,Nolan Narain
919,Danny Dixon
920,Jalen Poyser
921,Daouda N'Diaye
922,Gerron Scissum
923,Malcolm Wynter
924,Jacob Guest
925,Divonte Lumpkin
926,Tremell Murphy
927,LeSean Brown
928,Marshall Graves
929,Antanee Pinkard
930,Kevin Morris
931,Braxton Shaw
932,Carter Skaggs
933,Dantai St. Louis
934,Octavion Corley
935,Jax Levitch
936,Shembari Phillips
937,Walter Jones Jr.
938,Drew Romich
939,A.J. Harris
940,Osa Wilson
941,Pierson McAtee
942,Niksa Nikolic
943,Greg Smith
944,Sebastian Townes
945,Mason Aucoin
946,Matt Horton
947,Joshua Nurse
948,Ben Robertson
949,Nikola Djogo
950,Isaiah Nichols
951,Conner George
952,Jevon Smith
953,Brady Ernst
954,Tim Harrison
955,Adida Ikongshul
956,Jacob McIntosh
957,Paul Grinde
958,Deion James
959,Arkel Lamar
960,Cal Reichwein
961,Milan Williams
962,JoJo Anderson
963,Thomas Clement
964,Adam Mitola
965,Evan Troy
966,Rodney Henderson
967,Danny Hummer
968,Christian Jacob
969,Tommy Luce
970,Tommy McCarthy
971,George Muresan
972,Jordan Scurry
973,Josh Everett
974,Jason McMillan
975,Brenden Morris
976,Anthony Starzynski
977,Tyler Underwood
978,Jalen Williams
979,Sam Dunkum
980,Clayton Henry
981,John Ogwuche
982,Shea Rush
983,Noah Saunders
984,Justin Benton
985,Nick Fruscio
986,Zach Rabinowitz
987,Jerrod Rigby
988,Stephen Beattie
989,Beau Brown
990,Khalid Campbell
991,Caleb Davis
992,Davonte Higginbottom
993,Hank Hollingsworth
994,Taylor Maughan
995,Bill Muse
996,Keith Oddo
997,Addison Owen
998,Marc Reininger
999,Leighton Schrand
1000,Chris Smith
1001,Lincoln Conrey
1002,Miodrag Dronjak
1003,Danny Harris
1004,Adam Mikula
1005,John Caldwell
1006,Jason Crandall
1007,Moustapha Diagne
1008,Ricky Gouety
1009,Branden Johnson
1010,Chaz Mack
1011,Travis Valmon
1012,Henry Welsh
1013,Bobby Arthur-Williams
1014,Ountae Campbell
1015,Ganlandou Cisse
1016,Cal Freundlich
1017,J.K. Hadlock
1018,Kurk Lee
1019,Donyell Marshall Jr.
1020,Luke McKay
1021,Brady Rudrud
1022,Tyler Thompson
1023,Shawn Wilson
1024,D'Quan Applewhite
1025,Quin Barnard
1026,Hank Beard
1027,Tristen Becker
1028,Patrick Casey
1029,Will Clark
1030,Justin Cole
1031,Eric Dadika
1032,Armani Dodson
1033,Caleb Ellis
1034,Ethan Good
1035,Rodney Herenton
1036,Anto Keshgegian
1037,Connor Klementowicz
1038,Drew Lakey
1039,B.J. Maxwell
1040,Luke McDonnell
1041,Marquelle McIntyre
1042,Collin McManus
1043,Samson Oladimeji
1044,Isaiah Rhyanes
1045,David Roelke
1046,Dan Sheets
1047,Mitchell Storm
1048,Tim Waddington
1049,Joseph White II
1050,Asiah Avent
1051,Grant Fogerty
1052,Micaiah Henry
1053,Obim Okeke
1054,Jacob Orender
1055,Jack Raboin
1056,Robbie Skead
1057,Armel TeTe
1058,Temi Aiyegbusi
1059,Jake Baughman
1060,Shaun Belbey
1061,Jesse Boyce
1062,Adrian Chapman
1063,Thomas Collier
1064,Jeff Coulanges
1065,Will Culliton
1066,Victor Curry
1067,Giambattista Davis
1068,Ben Diamond
1069,Matt DiLuccio
1070,Isaiah Felder
1071,Derrick Green
1072,Jordan Green
1073,Grant Hazle
1074,ShanQuan Hemphill
1075,Amir Hicks
1076,Tanner Johnson
1077,Logan Koch
1078,John Koz
1079,Lance Lawson
1080,Will Macoy
1081,Shaheed Medlock
1082,Keshon Montague
1083,Thomas O'Connell
1084,Robbie O'Han
1085,Taron Oliver Jr.
1086,Matt Palumbo
1087,Trey Reeves
1088,Luke Sasser
1089,Tim Saunders
1090,David Serge
1091,Hunter Shelton
1092,Keeston Smith
1093,Ifeanyi Umezurike
1094,Jeremiah Usiosefe
1095,Clay Weatherspoon
1096,Randall West
1097,Drayton Whiteside
1098,Isaac Wulff
